Cut Loose Press Pattern ID,Pattern name,Creative Grids ruler ID,Cut Loose Press pattern URL
CLPKAL007,Fanfare,CGRKA3,https://cutloosepress.com/products/fanfare
CLPKAL007,Fanfare,CGR9,https://cutloosepress.com/products/fanfare
CLPJAW033,Citrus and Berry Table Runner,CGRJAW6,https://cutloosepress.com/products/citrus-and-berry-table-runner
CLPJAW033,Citrus and Berry Table Runner,CGR218,https://cutloosepress.com/products/citrus-and-berry-table-runner
CLPJAW016,Upstairs Downstairs Log Cabin,CGRJAW1,https://cutloosepress.com/products/upstairs-downstairs-log-cabin
CLPASM009,Fractured Waterfall,NONE,https://cutloosepress.com/products/fractured-waterfall
CLPTQF001,Vinyl Mesh Market Bag,NONE,https://cutloosepress.com/products/vinyl-mesh-market-bag
CLPDHE009,Little Logs Starburst,CGRJAWMN4,https://cutloosepress.com/products/little-logs-starburst
CLPDHE009,Little Logs Starburst,CGRDH2,https://cutloosepress.com/products/little-logs-starburst
CLPKSE002,Hot Cross Stars,CGRDBS90,https://cutloosepress.com/products/hot-cross-stars
CLPKSE002,Hot Cross Stars,CGRABB1,https://cutloosepress.com/products/hot-cross-stars
CLPPHA013,You've Got Mail,CGRJAW1,https://cutloosepress.com/products/youve-got-mail
CLPCMC002,Faultline,CGRGE1,https://cutloosepress.com/products/faultline
CLPCFR001,Gift Bag Tote,NONE,https://cutloosepress.com/products/gift-bag-tote
CLPEUN003,Super Simple Table Topper,CGREU1,https://cutloosepress.com/products/super-simple-table-topper
CLPEUN003,Super Simple Table Topper,CGRABB1,https://cutloosepress.com/products/super-simple-table-topper
CLPJAW025,Trim the Tree,CGRJAW5,https://cutloosepress.com/products/trim-the-tree
CLPJAW025,Trim the Tree,CGRJAW1,https://cutloosepress.com/products/trim-the-tree
CLPCHP001,Square Dance,CGRCP1,https://cutloosepress.com/products/square-dance
CLPCHP001,Square Dance,CGRPERF10,https://cutloosepress.com/products/square-dance
CLPLME001,Clam Shell All Around,NONE,https://cutloosepress.com/products/clam-shell-all-around
CLPHPR004,Around the Square Mini Quilt,CGRDH1,https://cutloosepress.com/products/around-the-square-mini-quilt
CLPHPR004,Around the Square Mini Quilt,CGR2,https://cutloosepress.com/products/around-the-square-mini-quilt
CLPISE021,Wayside,CGRPERF5,https://cutloosepress.com/products/wayside
CLPCLA036,Sew Strippy Tote,CGR20,https://cutloosepress.com/products/sew-strippy-tote
CLPSKW001,Dancing Churndash,NONE,https://cutloosepress.com/products/dancing-churndash
CLPJAW062,Yin and Yang Pillow Pair,CGRJAW6MINI,https://cutloosepress.com/products/yin-and-yang-pillow-pair
CLPJAW062,Yin and Yang Pillow Pair,CGRPRG1,https://cutloosepress.com/products/yin-and-yang-pillow-pair
CLPRGR002,Log Cabin Tree,CGRJAWMN6,https://cutloosepress.com/products/log-cabin-tree
CLPCLA014,Trendsetter Tote,CGR612,https://cutloosepress.com/products/trendsetter-tote
CLPKMS004,Twirl N Spin Table Runner,CGR60DIA,https://cutloosepress.com/products/twirl-n-spin-table-runner
CLPCLA029,Love Knot Table Runner,CGR8,https://cutloosepress.com/products/love-knot-table-runner
CLPJAW041,Sew Many Snails,CGRJAW8,https://cutloosepress.com/products/sew-many-snails
CLPISE007,Bumpy Chevron Quilt,CGRT45,https://cutloosepress.com/products/bumpy-chevron-quilt
CLPISE007,Bumpy Chevron Quilt,CGR18,https://cutloosepress.com/products/bumpy-chevron-quilt
CLPMTR010,Forest For All Seasons Placemats,CGRTKAL45,https://cutloosepress.com/products/forest-for-all-seasons-placemats
CLPJAW047,Petite Pineapple Garden,CGRJAW3MINI,https://cutloosepress.com/products/petite-pineapple-garden
CLPASM001,Creative Cross-Body Bag,NONE,https://cutloosepress.com/products/creative-cross-body-bag
CLPDHE010,Simplicity,CGRDH3,https://cutloosepress.com/products/simplicity
CLPKAL002,Twirl,CGRKA3,https://cutloosepress.com/products/twirl
CLPKAL002,Twirl,CGR9,https://cutloosepress.com/products/twirl
CLPDHE020,On Point Runner,CGRJAW3,https://cutloosepress.com/products/on-point-runner
CLPLCR005,Ms. Stasha B. Gone,CGR15,https://cutloosepress.com/products/ms-stasha-b-gone
CLPJAW023,Zen Table Runner,CGRJAW5,https://cutloosepress.com/products/zen-table-runner
CLPCLA027,Marvelous Midi Messenger Bag,CGRCCC,https://cutloosepress.com/products/marvelous-midi-messenger-bag
CLPJAW063,Little Runaway Pinwheels,CGRJAW6MINI,https://cutloosepress.com/products/little-runaway-pinwheels
CLPJAW063,Little Runaway Pinwheels,CGRPRG1,https://cutloosepress.com/products/little-runaway-pinwheels
CLPSBS001,Blushin' Bunnies,NONE,https://cutloosepress.com/products/blushin-bunnies
CLPTAK001,Orange Peel Table Runner,CGRATK1,https://cutloosepress.com/products/orange-peel-table-runner
CLPTAK001,Orange Peel Table Runner,CGR812,https://cutloosepress.com/products/orange-peel-table-runner
CLPBHE003,Tidepools,CGRBH1,https://cutloosepress.com/products/tidepools
CLPPHA010,Log Cabin Nights,CGRJAWMN6,https://cutloosepress.com/products/log-cabin-nights
CLPPHA010,Log Cabin Nights,CGRDH2,https://cutloosepress.com/products/log-cabin-nights
CLPCLA040,Quick Quilter's Apron,CGR24,https://cutloosepress.com/products/quick-quilters-apron
CLPJAW028,Wiggly Worms Log Cabin,CGRJAW6,https://cutloosepress.com/products/wiggly-worms-log-cabin
CLPBGR008,Holiday Tree Wreath Ornament,NONE,https://cutloosepress.com/products/holiday-tree-wreath-ornament
CLPGRG006,Blooming Cabin Mini,CGRJAWMN4,https://cutloosepress.com/products/blooming-cabin-mini
CLPKAL009,Crazy Christmas Trees,CGRKA6,https://cutloosepress.com/products/crazy-christmas-trees
CLPRAN002,Pig Pincushion,NONE,https://cutloosepress.com/products/pig-pincushion
CLPLDB007,Hootie,CGRJAW6MINI,https://cutloosepress.com/products/hootie
CLPLDB007,Hootie,CGRJAWMN4,https://cutloosepress.com/products/hootie
CLPCVB002,Emerald City,CGRMT6,https://cutloosepress.com/products/emerald-city
CLPJAW035,Pineapple Rings,CGRJAW3,https://cutloosepress.com/products/pineapple-rings
CLPJAW035,Pineapple Rings,CGR218,https://cutloosepress.com/products/pineapple-rings
CLPISE016,Square One,CGRPERF10,https://cutloosepress.com/products/square-one
CLPSTG001,Zip N' Dash Tote,NONE,https://cutloosepress.com/products/zip-n-dash-tote
CLPSHN002,Triangle Tree,CGRSG1,https://cutloosepress.com/products/triangle-tree
CLPCLA005,Fabulous Strip Table Runner,CGR5,https://cutloosepress.com/products/fabulous-strip-table-runner
CLPDHE021,Pineapple Pinwheels Runner,CGRJAW3,https://cutloosepress.com/products/pineapple-pinwheels-runner
CLPPHA015,Hearts on the Half Square Quilt,CGRBH,https://cutloosepress.com/products/hearts-on-the-half-square-quilt
CLPPHA015,Hearts on the Half Square Quilt,CGRSMN15,https://cutloosepress.com/products/hearts-on-the-half-square-quilt
CLPDHE029,Blue Skies and Sunshine Runner,CGRDH1XL,https://cutloosepress.com/products/blue-skies-and-sunshine-runner
CLPCTD001,Nesting Bowls,NONE,https://cutloosepress.com/products/nesting-bowls
CLPKHL004,Stained Glass Placemats,NONE,https://cutloosepress.com/products/stained-glass-placemats
CLPCAM009,Rising Star,CGRJAW1,https://cutloosepress.com/products/rising-star
CLPEMC002,Star Petal Table Topper,CGREU2,https://cutloosepress.com/products/star-petal-table-topper
CLPJAW014,I Spy Hexie,CGRJAW4,https://cutloosepress.com/products/i-spy-hexie
CLPCLA054,All Squared Up Table Runner,CGR9,https://cutloosepress.com/products/all-squared-up-table-runner
CLPBLC001,Sunflower Wool Pin Cushion,NONE,https://cutloosepress.com/products/sunflower-wool-pin-cushion
CLPCAM015,Rolling Stone Runner,CGRJAW8,https://cutloosepress.com/products/rolling-stone-runner
CLPCAM015,Rolling Stone Runner,CGR418,https://cutloosepress.com/products/rolling-stone-runner
CLPDHE030,Illusionary Runner,CGRDH1XL,https://cutloosepress.com/products/illusionary-runner
CLPDHE030,Illusionary Runner,CGRDH4,https://cutloosepress.com/products/illusionary-runner
CLPSGD006,Tree Hugger Pillow,CGRSG1,https://cutloosepress.com/products/tree-hugger-pillow
CLPTFA002,Surprise Party Quilt,CGRDH1XL,https://cutloosepress.com/products/surprise-party-quilt
CLPTFA003,Double Strip Constellation Quilt,CGRDBS90,https://cutloosepress.com/products/double-strip-constellation-quilt
CLPTFA003,Double Strip Constellation Quilt,CGR24,https://cutloosepress.com/products/double-strip-constellation-quilt
CLPJAW056,Bon Appetit Collection,CGRJAW8,https://cutloosepress.com/products/bon-appetit-collection
CLPDHE007,Ally-Oop,CGRATK1,https://cutloosepress.com/products/ally-oop
CLPGER010,Sara,CGRGE1XL,https://cutloosepress.com/products/sara
CLPISE011,Picnic In the Park,CGRISE30,https://cutloosepress.com/products/picnic-in-the-park
CLPISE011,Picnic In the Park,CGRSQ6,https://cutloosepress.com/products/picnic-in-the-park
CLPJAW067,Bento Box Briefcase,CGRJAWMN6,https://cutloosepress.com/products/bento-box-briefcase
CLPDHE016,Itty Bitty Geese,CGRDH4,https://cutloosepress.com/products/itty-bitty-geese
CLPJAW026,Sun Surf and Seaweed,CGRJAW5,https://cutloosepress.com/products/sun-surf-and-seaweed
CLPLDB006,Norbert,CGRJAW6MINI,https://cutloosepress.com/products/norbert
CLPLDB006,Norbert,CGRJAWMN4,https://cutloosepress.com/products/norbert
CLPJAW049,South Beach Pineapple Treats,CGRJAW3MINI,https://cutloosepress.com/products/south-beach-pineapple-treats
CLPISE010,Blooming Sunset Tablerunner,CGRISE30,https://cutloosepress.com/products/blooming-sunset-tablerunner
CLPMTR007,4 Huggy Muggy Ruggies,CGRJAW3,https://cutloosepress.com/products/4-huggy-muggy-ruggies
CLPDHE025,Grid's Girls Placemats - Set of 4,CGRDH1,https://cutloosepress.com/products/grids-girls-placemats-set-of-4
CLPDHE025,Grid's Girls Placemats - Set of 4,CGRDH2,https://cutloosepress.com/products/grids-girls-placemats-set-of-4
CLPDHE025,Grid's Girls Placemats - Set of 4,CGRDH3,https://cutloosepress.com/products/grids-girls-placemats-set-of-4
CLPDHE025,Grid's Girls Placemats - Set of 4,CGRDH4,https://cutloosepress.com/products/grids-girls-placemats-set-of-4
CLPGRG004,Paddle Wheel,CGRKA3,https://cutloosepress.com/products/paddle-wheel
CLPGRG004,Paddle Wheel,CGRBR4,https://cutloosepress.com/products/paddle-wheel
CLPBHE004,Ring Toss Table Runner,CGRBH1,https://cutloosepress.com/products/ring-toss-table-runner
CLPBHE007,Fraternal Twins Table Runners,CGRBH1,https://cutloosepress.com/products/fraternal-twins-table-runners
CLPPHA012,Dresden Shoofly,CGR6,https://cutloosepress.com/products/dresden-shoofly
CLPPHA012,Dresden Shoofly,CGRISE30,https://cutloosepress.com/products/dresden-shoofly
CLPCVB005,Bloom,CGRT60,https://cutloosepress.com/products/bloom
CLPCLA020,Dynamic Dresden Quilt,CGR18CF,https://cutloosepress.com/products/dynamic-dresden-quilt
CLPJAW020,I Love America,CGRJAW5,https://cutloosepress.com/products/i-love-america
CLPJAW020,I Love America,CGRJAW1,https://cutloosepress.com/products/i-love-america
CLPCCA001,Magic Triangle Table Topper,CGRT10,https://cutloosepress.com/products/magic-triangle-table-topper
CLPCCA001,Magic Triangle Table Topper,CGRT12560,https://cutloosepress.com/products/magic-triangle-table-topper
CLPKMS003,Woven Jewelbox,CGR60DIA,https://cutloosepress.com/products/woven-jewelbox
CLPBHE005,Wyoming Star Table Runner,CGRBH1,https://cutloosepress.com/products/wyoming-star-table-runner
CLPHVA003,Owl Coin Purse,NONE,https://cutloosepress.com/products/owl-coin-purse
CLPGRG010,Dresden Hexies,CGRISE30,https://cutloosepress.com/products/dresden-hexies
CLPGRG010,Dresden Hexies,CGRSQ6,https://cutloosepress.com/products/dresden-hexies
CLPDHE024,Three Little Baskets,CGRJAW6MINI,https://cutloosepress.com/products/three-little-baskets
CLPDHE024,Three Little Baskets,CGRPRG1,https://cutloosepress.com/products/three-little-baskets
CLPHVA002,Doggie Bag Coin Purse,NONE,https://cutloosepress.com/products/doggie-bag-coin-purse
CLPCAM010,County Fair,CGRBH1,https://cutloosepress.com/products/county-fair
CLPJAW053,Rosebud Trails,CGRJAW8,https://cutloosepress.com/products/rosebud-trails
CLPJAW053,Rosebud Trails,CGRJAW1,https://cutloosepress.com/products/rosebud-trails
CLPSHN004,Handwork Take Along Clutch,NONE,https://cutloosepress.com/products/handwork-take-along-clutch
CLPJAW019,Cut the Cake Hexies,CGRJAW4,https://cutloosepress.com/products/cut-the-cake-hexies
CLPJAW019,Cut the Cake Hexies,CGRT60,https://cutloosepress.com/products/cut-the-cake-hexies
CLPQLT003,Farmhouse Window Table Runner,CGR15125,https://cutloosepress.com/products/farmhouse-window-table-runner
CLPKCS004,Block-A-Bye,CGRGE2,https://cutloosepress.com/products/block-a-bye
CLPKCS004,Block-A-Bye,CGR8,https://cutloosepress.com/products/block-a-bye
CLPCVB003,Little Gems Table Runner,CGRMT6,https://cutloosepress.com/products/little-gems-table-runner
CLPKHL010,Seasonal Runner - Fall,CGR42,https://cutloosepress.com/products/seasonal-runner-fall
CLPGRG003,Go Crazy,CGRMT6,https://cutloosepress.com/products/go-crazy
CLPISE019,Cotton Candy,CGRPERF5,https://cutloosepress.com/products/cotton-candy
CLPPHA008,America the Beautiful,CGRJAWMN4,https://cutloosepress.com/products/america-the-beautiful
CLPJAW051,Tropical Pineapple Tote,CGRJAW3MINI,https://cutloosepress.com/products/tropical-pineapple-tote
CLPBJG001,Brilliant Stars,CGRTMT2,https://cutloosepress.com/products/brilliant-stars
CLPBJG001,Brilliant Stars,CGR4,https://cutloosepress.com/products/brilliant-stars
CLPASM010,Fidget Sensory Mat,NONE,https://cutloosepress.com/products/fidget-sensory-mat
CLPLCR004,Perfection Is Overrated,CGR6,https://cutloosepress.com/products/perfection-is-overrated
CLPKAL011,Crazy Hearts,CGRKA6,https://cutloosepress.com/products/crazy-hearts
CLPKAL011,Crazy Hearts,CGR1818,https://cutloosepress.com/products/crazy-hearts
CLPLDB005,Oliver,CGRJAW6MINI,https://cutloosepress.com/products/oliver
CLPLDB005,Oliver,CGRJAWMN4,https://cutloosepress.com/products/oliver
CLPCAM013,Gather Together,CGRDH2,https://cutloosepress.com/products/gather-together
CLPCAM013,Gather Together,CGRGE1,https://cutloosepress.com/products/gather-together
CLPDHE027,Early Migration,CGRDH4,https://cutloosepress.com/products/early-migration
CLPKMS002,Hexie Hot Air Balloons,CGR60DIA,https://cutloosepress.com/products/hexie-hot-air-balloons
CLPDHE008,Blooming Stars Runner,CGRDH2,https://cutloosepress.com/products/blooming-stars-runner
CLPDHE008,Blooming Stars Runner,CGRATK1,https://cutloosepress.com/products/blooming-stars-runner
CLPJAW036,Little Widgets,CGRJAW7,https://cutloosepress.com/products/little-widgets
CLPJAW070,Pine Tree Banner or Table Runner,CGRJAW6MINI,https://cutloosepress.com/products/pine-tree-banner-or-table-runner
CLPJAW070,Pine Tree Banner or Table Runner,CGRDH2,https://cutloosepress.com/products/pine-tree-banner-or-table-runner
CLPJAW070,Pine Tree Banner or Table Runner,CGRPRG1,https://cutloosepress.com/products/pine-tree-banner-or-table-runner
CLPJAW070,Pine Tree Banner or Table Runner,CGRJAWMN4,https://cutloosepress.com/products/pine-tree-banner-or-table-runner
CLPCAM011,Wish Granted,CGRJAW3,https://cutloosepress.com/products/wish-granted
CLPCAM011,Wish Granted,CGRGE1,https://cutloosepress.com/products/wish-granted
CLPCVB007,Evergreen,CGRSG1,https://cutloosepress.com/products/evergreen
CLPISE006,Sweet Slumber Pillowcase,CGR18,https://cutloosepress.com/products/sweet-slumber-pillowcase
CLPKHL005,Seasonal Runner - Winter,CGR24,https://cutloosepress.com/products/seasonal-runner-winter
CLPKHL005,Seasonal Runner - Winter,CGR6,https://cutloosepress.com/products/seasonal-runner-winter
CLPLRB001,Spinning Snails - Happy Trails,CGRJAW8,https://cutloosepress.com/products/spinning-snails-happy-trails
CLPNPG001,Zippy Zees or Zig Zagging Zees,NONE,https://cutloosepress.com/products/zippy-zees-or-zig-zagging-zees
CLPKMO006,Sparklers,CGRMT6,https://cutloosepress.com/products/sparklers
CLPPHA014,Charmed Hearts,CGRQF26,https://cutloosepress.com/products/charmed-hearts
CLPSCH001,Pinwheel Hexagons,CGRT30,https://cutloosepress.com/products/pinwheel-hexagons
CLPSCH001,Pinwheel Hexagons,CGR612,https://cutloosepress.com/products/pinwheel-hexagons
CLPPHA006,Fussy Cut Squared,CGRJAW7,https://cutloosepress.com/products/fussy-cut-squared
CLPPHA006,Fussy Cut Squared,CGRSQ6,https://cutloosepress.com/products/fussy-cut-squared
CLPQLT015,Clockworx,CGR15125,https://cutloosepress.com/products/clockworx
CLPCAM004,Squiggles,CGRJAW5,https://cutloosepress.com/products/squiggles
CLPQLT006,Haystacks,NONE,https://cutloosepress.com/products/haystacks
CLPCAM007,Roundabout,CGRJAW6,https://cutloosepress.com/products/roundabout
CLPRFI002,Freedom Ribbons,CGR612,https://cutloosepress.com/products/freedom-ribbons
CLPCLA030,Stash Cash Zipped Bag,NONE,https://cutloosepress.com/products/stash-cash-zipped-bag
CLPJAW052,Pineapple Sizzle Tote,CGRJAW3MINI,https://cutloosepress.com/products/pineapple-sizzle-tote
CLPKAL006,Capiz Lanterns,CGRKAOVAL,https://cutloosepress.com/products/capiz-lanterns
CLPCFR002,Mat Board Tote Bag,CGR824,https://cutloosepress.com/products/mat-board-tote-bag
CLPDHE018,Moody Blues,CGRDH4,https://cutloosepress.com/products/moody-blues
CLPKNC001,Skipping Along,CGR5,https://cutloosepress.com/products/skipping-along
CLPKNC001,Skipping Along,CGR24,https://cutloosepress.com/products/skipping-along
CLPJAW021,Carousel,CGRJAW5,https://cutloosepress.com/products/carousel
CLPCVB017,Stars and Squares,CGRJAW7,https://cutloosepress.com/products/stars-and-squares
CLPDHE028,It's So Easy Runner,CGRDH1XL,https://cutloosepress.com/products/its-so-easy-runner
CLPHRA001,Winter Wonderland,CGRTKAL45,https://cutloosepress.com/products/winter-wonderland
CLPCLA038,Loyalty Card Wallet,NONE,https://cutloosepress.com/products/loyalty-card-wallet
CLPPHA005,Four-Patch Squared,CGRJAW7,https://cutloosepress.com/products/four-patch-squared
CLPSGD004,Table Treasure Table Runner,CGRSG1,https://cutloosepress.com/products/table-treasure-table-runner
CLPCMC004,Northern Star,CGRGE1,https://cutloosepress.com/products/northern-star
CLPKPO002,Wonky Mug Rugs,NONE,https://cutloosepress.com/products/wonky-mug-rugs
CLPDKZ002,Beginner Rotary Cutter Pillow,CGR16,https://cutloosepress.com/products/beginner-rotary-cutter-pillow
CLPDHE023,Boo To You,CGRJAW6MINI,https://cutloosepress.com/products/boo-to-you
CLPDHE023,Boo To You,CGRDH4,https://cutloosepress.com/products/boo-to-you
CLPTMA004,Posey Chain,NONE,https://cutloosepress.com/products/posey-chain
CLPCLA017,Jubilee Table Runner,CGR9,https://cutloosepress.com/products/jubilee-table-runner
CLPCAM017,Scrap Stew,CGRJAWMN4,https://cutloosepress.com/products/scrap-stew
CLPGRG005,Multiple Choice Placemats,CGRJAWMN4,https://cutloosepress.com/products/multiple-choice-placemats
CLPCLA051,Scrappy Happy Hour Mug Rug,CGR3,https://cutloosepress.com/products/scrappy-happy-hour-mug-rug
CLPDHE026,Happy Noel,CGRDH4,https://cutloosepress.com/products/happy-noel
CLPDHE026,Happy Noel,CGRJAW6MINI,https://cutloosepress.com/products/happy-noel
CLPJAW032,Rainbow Swirls,CGRJAW6,https://cutloosepress.com/products/rainbow-swirls
CLPARY019,Snowman Runner,CGRJAW5,https://cutloosepress.com/products/snowman-runner
CLPGRG001,Serenade,CGRJAWMN4,https://cutloosepress.com/products/serenade
CLPPBE001,Cobble Stones,CGRJAW4,https://cutloosepress.com/products/cobble-stones
CLPKBT001,Zig-Zagging Along,CGRMT6,https://cutloosepress.com/products/zig-zagging-along
CLPKBT001,Zig-Zagging Along,CGRMT1,https://cutloosepress.com/products/zig-zagging-along
CLPCLA024,Block Party Quilt,CGR12,https://cutloosepress.com/products/block-party-quilt
CLPCPA001,Tulip Compass Table Runner,CGR612,https://cutloosepress.com/products/tulip-compass-table-runner
CLPCLA048,Border Stripe Bow Bag,CGR824,https://cutloosepress.com/products/border-stripe-bow-bag
CLPQLT002,Geese In Flight Placemats (Formerly Pinecone Mocha Placemats),NONE,https://cutloosepress.com/products/geese-in-flight-placemats-formerly-pinecone-mocha-placemats
CLPMTR002,Zig-Zag Placemat,NONE,https://cutloosepress.com/products/zig-zag-placemat
CLPEUN012,Fan Dance Table Topper,CGRT15,https://cutloosepress.com/products/fan-dance-table-topper
CLPEUN012,Fan Dance Table Topper,CGR12,https://cutloosepress.com/products/fan-dance-table-topper
CLPJAW059,Chicken Kitchen Set,CGRJAW8,https://cutloosepress.com/products/chicken-kitchen-set
CLPBLC002,Hearty The Snowman Pin Pal,NONE,https://cutloosepress.com/products/hearty-the-snowman-pin-pal
CLPCLA003,Mint Twist Table Topper,CGR3,https://cutloosepress.com/products/mint-twist-table-topper
CLPCLA003,Mint Twist Table Topper,CGR612,https://cutloosepress.com/products/mint-twist-table-topper
CLPCLA047,Hearts & Chocolate Diamonds,CGR6,https://cutloosepress.com/products/hearts-chocolate-diamonds
CLPBHE002,Waves,CGRBH1,https://cutloosepress.com/products/waves
CLPJAW008,Tropical Fruit,CGRJAW3,https://cutloosepress.com/products/tropical-fruit
CLPJAW008,Tropical Fruit,CGR218,https://cutloosepress.com/products/tropical-fruit
CLPCAM005,Diablo,CGR10,https://cutloosepress.com/products/diablo
CLPBGR010,Stars and Stripes Table Runner,NONE,https://cutloosepress.com/products/stars-and-stripes-table-runner
CLPCGR007,Two Bobbin Bowl,CGR007,https://cutloosepress.com/products/two-bobbin-bowl
CLPKAL001,Against the Rail,CGRKA3,https://cutloosepress.com/products/against-the-rail
CLPKAL001,Against the Rail,CGR9,https://cutloosepress.com/products/against-the-rail
CLPKAL003,Vertigo,CGRKA6,https://cutloosepress.com/products/vertigo
CLPDHE031,Raspberry Stars,CGRDH1XL,https://cutloosepress.com/products/raspberry-stars
CLPDHE031,Raspberry Stars,CGRDH1,https://cutloosepress.com/products/raspberry-stars
CLPHPR005,Dancing Dots,CGRDH,https://cutloosepress.com/products/dancing-dots
CLPHPR005,Dancing Dots,CGR4,https://cutloosepress.com/products/dancing-dots
CLPRPL001,EZ Strip Quilt,CGR10,https://cutloosepress.com/products/ez-strip-quilt
CLPISE022,Bluebird,CGRPERF5,https://cutloosepress.com/products/bluebird
CLPBGR004,Tall Trees Christmas Table Runner,NONE,https://cutloosepress.com/products/tall-trees-christmas-table-runner
CLPPSQ004,Lanterns Table Runner,CGRFCC,https://cutloosepress.com/products/lanterns-table-runner
CLPSGD003,Peppermints Table Runner,CGRT60,https://cutloosepress.com/products/peppermints-table-runner
CLPCLA044,Land of Liberty Table Runner,CGR6,https://cutloosepress.com/products/land-of-liberty-table-runner
CLPMTR009,Recharger Cords Caddy,CGRCRCL,https://cutloosepress.com/products/recharger-cords-caddy
CLPISE017,Acadia,CGRPERF10,https://cutloosepress.com/products/acadia
CLPJAW068,Snails Trail Al Fresco,CGRJAW8,https://cutloosepress.com/products/snails-trail-al-fresco
CLPJAW068,Snails Trail Al Fresco,CGR2P1,https://cutloosepress.com/products/snails-trail-al-fresco
CLPBGR009,Blizzard the Snowman,NONE,https://cutloosepress.com/products/blizzard-the-snowman
CLPSHN003,Falling Leaves,CGRBH1,https://cutloosepress.com/products/falling-leaves
CLPDEG004,Unraveled,CGR18CF,https://cutloosepress.com/products/unraveled
CLPJBL001,Medora Table Runner,CGRKA3,https://cutloosepress.com/products/medora-table-runner
CLPJBL001,Medora Table Runner,CGR5,https://cutloosepress.com/products/medora-table-runner
CLPJAW066,Circles Of Love Quilt,CGRJAW6MINI,https://cutloosepress.com/products/circles-of-love-quilt
CLPJAW066,Circles Of Love Quilt,CGRPRG3,https://cutloosepress.com/products/circles-of-love-quilt
CLPCCA002,Wedge Candle Mat,CGRT10,https://cutloosepress.com/products/wedge-candle-mat
CLPCLA039,Sassy Squares Table Runner,CGR7,https://cutloosepress.com/products/sassy-squares-table-runner
CLPBLC004,Pocket Placemats and Napkins,NONE,https://cutloosepress.com/products/pocket-placemats-and-napkins
CLPCTD002,Easy Artsy Envelope Clutch,NONE,https://cutloosepress.com/products/easy-artsy-envelope-clutch
CLPDHE019,Strippy Delight,CGRGE1,https://cutloosepress.com/products/strippy-delight
CLPKMS005,Hollow Star Table Runner,CGR60DIA,https://cutloosepress.com/products/hollow-star-table-runner
CLPJAW048,Swirly Pearly Buttons,CGRJAW3MINI,https://cutloosepress.com/products/swirly-pearly-buttons
CLPKHL009,Stained Glass Tulips,CGR418,https://cutloosepress.com/products/stained-glass-tulips
CLPEUN008,Dining Dresdens,CGREU1,https://cutloosepress.com/products/dining-dresdens
CLPBGR003,Fashion Wine Tote,NONE,https://cutloosepress.com/products/fashion-wine-tote
CLPLDB003,Noggin',CGRJAW6MINI,https://cutloosepress.com/products/noggin
CLPLDB003,Noggin',CGRJAWMN4,https://cutloosepress.com/products/noggin
CLPDHE022,Twist N Shout Rectangles,CGRGE1,https://cutloosepress.com/products/twist-n-shout-rectangles
CLPGRG002,Lightning Flash,CGRKA3,https://cutloosepress.com/products/lighting-flash
CLPGRG002,Lightning Flash,CGR48,https://cutloosepress.com/products/lighting-flash
CLPKMO005,Scrap Baby With Cuddle Backing,CGRMT4,https://cutloosepress.com/products/scrap-baby-with-cuddle-backing
CLPKMO005,Scrap Baby With Cuddle Backing,CGRMT1,https://cutloosepress.com/products/scrap-baby-with-cuddle-backing
CLPCAM018,Dilly Dresdens,CGRT225,https://cutloosepress.com/products/dilly-dresdens
CLPCAM018,Dilly Dresdens,CGRQTA3,https://cutloosepress.com/products/dilly-dresdens
CLPDHE014,Kitty Capers,CGRDH1,https://cutloosepress.com/products/kitty-capers
CLPDHE014,Kitty Capers,CGRDH3,https://cutloosepress.com/products/kitty-capers
CLPDHE004,Strippy Stars Zipper Bag,CGRDH2,https://cutloosepress.com/products/strippy-stars-zipper-bag
CLPJAW004,Lickety Split Log Cabin,CGRJAW1,https://cutloosepress.com/products/lickety-split-log-cabin
CLPCLA033,Hippity Hoppity Placemats,CGR4,https://cutloosepress.com/products/hippity-hoppity-placemats
CLPDSP001,Bunny Runner,CGRJAW5,https://cutloosepress.com/products/bunny-runner
CLPCAM012,Mini Pineapple Medley,CGRJAW3MINI,https://cutloosepress.com/products/mini-pineapple-medley
CLPDHE015,Cat's Cradle Star,CGRDH1,https://cutloosepress.com/products/cats-cradle-star
CLPDHE015,Cat's Cradle Star,CGRDH2,https://cutloosepress.com/products/cats-cradle-star
CLPCAM016,Fiesta,CGRJAW8,https://cutloosepress.com/products/fiesta
CLPHVA001,Cat's Meow Coin Purse,NONE,https://cutloosepress.com/products/cats-meow-coin-purse
CLPRFI020,Tin Roof,CGREU2,https://cutloosepress.com/products/tin-roof
CLPJAW024,Hopscotch,CGRJAW5,https://cutloosepress.com/products/hopscotch
CLPGRG008,Double Four Patch Throw,CGR24,https://cutloosepress.com/products/double-four-patch-throw
CLPKMS001,Aztec Diamond Table Runner,CGRT60,https://cutloosepress.com/products/aztec-diamond-table-runner
CLPJAW012,Hexie Confetti,CGRJAW4,https://cutloosepress.com/products/hexie-confetti
CLPCVB016,Jewel Box,CGRBH1,https://cutloosepress.com/products/jewel-box
CLPQLT013,Waterwheel,NONE,https://cutloosepress.com/products/waterwheel
CLPCLA058,Color Me Blue,NONE,https://cutloosepress.com/products/color-me-blue
CLPPHA009,T-Shirt Quilt,CGRSQ14,https://cutloosepress.com/products/t-shirt-quilt
CLPCAM008,Fascination,CGRJAW5,https://cutloosepress.com/products/fascination
CLPNAM004,Cabin Leaves Table Runner,CGRJAW1,https://cutloosepress.com/products/cabin-leaves-table-runner
CLPNAM003,Cabin Flower Table Topper,CGRJAW1,https://cutloosepress.com/products/cabin-flower-table-topper
CLPBGR002,Mug Up,NONE,https://cutloosepress.com/products/mug-up
CLPACV002,Fabric Magic Cuff Stocking,NONE,https://cutloosepress.com/products/fabric-magic-cuff-stocking
CLPJAW050,Pineapple Pillow or Placemat,CGRJAW3MINI,https://cutloosepress.com/products/pineapple-pillow-or-placemat
CLPMTR005,Twist N Twirl Placemat,CGRMT4,https://cutloosepress.com/products/twist-n-twirl-placemat
CLPMTR005,Twist N Twirl Placemat,CGRABB1,https://cutloosepress.com/products/twist-n-twirl-placemat
CLPTMA003,Happy Hexies Tree Wall Quilt,NONE,https://cutloosepress.com/products/happy-hexies-tree-wall-quilt
CLPRFI015,Flying Pineapple,CGRJAW3,https://cutloosepress.com/products/flying-pineapple
CLPRFI015,Flying Pineapple,CGR24,https://cutloosepress.com/products/flying-pineapple
CLPHPR001,Dusk To Dawn,CGR2P1,https://cutloosepress.com/products/dusk-to-dawn
CLPHPR001,Dusk To Dawn,CGRMS4590,https://cutloosepress.com/products/dusk-to-dawn
CLPBWB001,Baby Rag Log Cabin,CGRBR6,https://cutloosepress.com/products/baby-rag-log-cabin
CLPCHP002,Zig Zag Runner,CGRCP1,https://cutloosepress.com/products/zig-zag-runner
CLPCHP002,Zig Zag Runner,CGR24,https://cutloosepress.com/products/zig-zag-runner
CLPEUN007,Split Diamond Table Topper - 4 Placemats or 2 Mats and 1 Table Topper,CGREU2,https://cutloosepress.com/products/split-diamond-table-topper-4-placemats-or-2-mats-and-1-table-topper
CLPEUN007,Split Diamond Table Topper - 4 Placemats or 2 Mats and 1 Table Topper,CGR15,https://cutloosepress.com/products/split-diamond-table-topper-4-placemats-or-2-mats-and-1-table-topper
CLPJAW071,Hexies Go Round,CGRJAW4,https://cutloosepress.com/products/hexies-go-round
CLPJAW071,Hexies Go Round,CGRT60,https://cutloosepress.com/products/hexies-go-round
CLPJAW029,Fly Away With Me,CGRJAW6,https://cutloosepress.com/products/fly-away-with-me
CLPISE015,Begonia,CGRFCC,https://cutloosepress.com/products/begonia
CLPQLT014,Wicker Basket,CGRBR3,https://cutloosepress.com/products/wicker-basket
CLPMTR006,Make N Take Muggy Ruggy,CGRJAW4,https://cutloosepress.com/products/make-n-take-muggy-ruggy
CLPJAW031,Ice Cream Cones,CGRJAW6,https://cutloosepress.com/products/ice-cream-cones
,Hexagon Frame Pillow,NONE,https://cutloosepress.com/products/hexagon-frame-pillow
CLPAUN001,Jewelry Travel Wallet,NONE,https://cutloosepress.com/products/jewelry-travel-wallet
CLPGER004,Winding Road Table Runner,CGRKA6,https://cutloosepress.com/products/winding-road-table-runner
CLPGER004,Winding Road Table Runner,CGRBR5,https://cutloosepress.com/products/winding-road-table-runner
CLPGER009,Clara Table Runner,CGRGE3,https://cutloosepress.com/products/clara-table-runner
CLPPHA007,Dresden Jellies,CGRIES30,https://cutloosepress.com/products/dresden-jellies
CLPEUN004,Sunny Days Table Toppers (A Quilt-As-You-Go-Project),CGREU1,https://cutloosepress.com/products/sunny-days-table-toppers-a-quilt-as-you-go-project
CLPKSE003,Tropical Blues,CGRDBS90,https://cutloosepress.com/products/tropical-blues
CLPKSE003,Tropical Blues,CGRABB1,https://cutloosepress.com/products/tropical-blues
CLPDEG005,Twisted Peppermint,CGR18CF,https://cutloosepress.com/products/twisted-peppermint
CLPISE012,Kite Tales,CGRISE30,https://cutloosepress.com/products/kite-tales
CLPISE012,Kite Tales,CGR24,https://cutloosepress.com/products/kite-tales
CLPGER005,Courthouse Lanterns,CGRJAW2,https://cutloosepress.com/products/courthouse-lanterns
CLPGER005,Courthouse Lanterns,CGR24,https://cutloosepress.com/products/courthouse-lanterns
CLPKAL008,New Leaf,CGRKAOVAL,https://cutloosepress.com/products/new-leaf
CLPLDB004,Waddles,CGRJAW6MINI,https://cutloosepress.com/products/waddles
CLPLDB004,Waddles,CGRJAWMN4,https://cutloosepress.com/products/waddles
CLPPSQ002,Easy Street Table Runner,CGRFCC,https://cutloosepress.com/products/easy-street-table-runner
CLPKBE001,Puzzle Me,CGRBR4,https://cutloosepress.com/products/puzzle-me
CLPCLA007,Stars & Stripes,CGRMT1,https://cutloosepress.com/products/stars-stripes
CLPSMA001,Cell Phone Wallet,NONE,https://cutloosepress.com/products/cell-phone-wallet
CLPDHE002,Cat's Cradle Binder Cover,CGRDH1,https://cutloosepress.com/products/cats-cradle-binder-cover
CLPGER007,Waverunner,CGRGE1,https://cutloosepress.com/products/waverunner
CLPGER007,Waverunner,CGR48,https://cutloosepress.com/products/waverunner
CLPVBM002,Charming Snowman,NONE,https://cutloosepress.com/products/charming-snowman
CLPGRG007,Storm On the Lake,CGRJAW7,https://cutloosepress.com/products/storm-on-the-lake
CLPPHA011,Four-Patch Bowties,CGRMT1,https://cutloosepress.com/products/four-patch-bowties
CLPCAM001,Sonoma,CGR10,https://cutloosepress.com/products/sonoma
CLPSGD005,Selvage Star Pillow,CGRSG1,https://cutloosepress.com/products/selvage-star-pillow
CLPSGD005,Selvage Star Pillow,CGR8,https://cutloosepress.com/products/selvage-star-pillow
CLPCHP003,Wagon Wheel,CGRCP1,https://cutloosepress.com/products/wagon-wheel
CLPCHP003,Wagon Wheel,CGRCRCL,https://cutloosepress.com/products/wagon-wheel
CLPJKN002,Pincushion Fit For A Queen,NONE,https://cutloosepress.com/products/pincushion-fit-for-a-queen
CLPCGR004,House Hold Hang Ups,CGR004,https://cutloosepress.com/products/house-hold-hang-ups
CLPCAM019,Simply Snails Mini Quilt,CGRJAW7,https://cutloosepress.com/products/simply-snails-mini-quilt
CLPHCC002,Patriotic Runner,NONE,https://cutloosepress.com/products/patriotic-runner
CLPJAW054,Fit  For A King,CGRJAW2,https://cutloosepress.com/products/fit-for-a-king
CLPJAW054,Fit  For A King,CGRGE1,https://cutloosepress.com/products/fit-for-a-king
CLPKAL010,Equal Exchange,CGRSAV1,https://cutloosepress.com/products/equal-exchange
CLPKAL010,Equal Exchange,CGR5,https://cutloosepress.com/products/equal-exchange
CLPCLA002,Whirlwind Stars,CGR4,https://cutloosepress.com/products/whirlwind-stars
CLPCLA002,Whirlwind Stars,CGR16,https://cutloosepress.com/products/whirlwind-stars
CLPASC001,Super Stars,CGRKA6,https://cutloosepress.com/products/super-stars
CLPJAW058,Coral Reef Storm At Sea,CGRJAW7,https://cutloosepress.com/products/coral-reef-storm-at-sea
CLPPSQ005,Hexie Imposter Runner or Quilt,CGRFCC,https://cutloosepress.com/products/hexie-imposter-runner-or-quilt
CLPPSQ005,Hexie Imposter Runner or Quilt,CGR6,https://cutloosepress.com/products/hexie-imposter-runner-or-quilt
CLPBHE006,Vortex Table Runner,CGRBH1,https://cutloosepress.com/products/vortex-table-runner
CLPTMA002,Mod Hexie Flower Runner,NONE,https://cutloosepress.com/products/mod-hexie-flower-runner
CLPDHE006,Strippy Stars Mini,CGRDH2,https://cutloosepress.com/products/strippy-stars-mini
CLPJAW061,Fried Green Tomatoes,CGRJAW6MINI,https://cutloosepress.com/products/fried-green-tomatoes
CLPCLA052,American Honor Table Runner,CGR8,https://cutloosepress.com/products/american-honor-table-runner
CLPTFA001,Scrap Crazy Bear Paw Quilt,CGRMT4,https://cutloosepress.com/products/scrap-crazy-bear-paw-quilt
CLPTFA001,Scrap Crazy Bear Paw Quilt,CGRBH1,https://cutloosepress.com/products/scrap-crazy-bear-paw-quilt
CLPRAN003,Simplicite Scarf,NONE,https://cutloosepress.com/products/simplicite-scarf
CLPRFI021,Mini Pineapple Table Topper,CGR4,https://cutloosepress.com/products/mini-pineapple-table-topper
CLPRFI021,Mini Pineapple Table Topper,CGRJAW3MINI,https://cutloosepress.com/products/mini-pineapple-table-topper
CLPJCR001,Hexie Twist Coaster Set,NONE,https://cutloosepress.com/products/hexie-twist-coaster-set
CLPJAW043,Midnight In the Garden,CGRJAWMN6,https://cutloosepress.com/products/midnight-in-the-garden
CLPCLA015,Stone Path Table Runner,CGR612,https://cutloosepress.com/products/stone-path-table-runner
CLPKAL012,Coffee Break,CGRKA6,https://cutloosepress.com/products/coffee-break
CLPJAW042,Glory In the Cabin Table Runner,CGRJAWMN6,https://cutloosepress.com/products/glory-in-the-cabin-table-runner
CLPHPR003,Pinwheel In the Park,CGR2P1,https://cutloosepress.com/products/pinwheel-in-the-park
CLPHPR003,Pinwheel In the Park,CGRJAWMN4,https://cutloosepress.com/products/pinwheel-in-the-park
CLPKCA003,Hybrid Hexi - Pieced Rose Star,CGRKC1,https://cutloosepress.com/products/hybrid-hexi-pieced-rose-star
CLPKCA003,Hybrid Hexi - Pieced Rose Star,CGRBR6,https://cutloosepress.com/products/hybrid-hexi-pieced-rose-star
CLPQLT012,Labyrinth,NONE,https://cutloosepress.com/products/labyrinth
CLPJAW069,Tickled Pink Tote,CGRJAWMN4,https://cutloosepress.com/products/tickled-pink-tote
CLPGER003,Hexie Harmony,CGRJAW4,https://cutloosepress.com/products/hexie-harmony
CLPGER003,Hexie Harmony,CGR48,https://cutloosepress.com/products/hexie-harmony
CLPQLT010,Quiltworx Stained Glass Window,CGR15125,https://cutloosepress.com/products/quiltworx-stained-glass-window
CLPCLA056,Splendid Spinner Table Topper,NONE,https://cutloosepress.com/products/splendid-spinner-table-topper
CLPJAW009,Pineapple Salsa,CGRJAW3,https://cutloosepress.com/products/pineapple-salsa
CLPJAW009,Pineapple Salsa,CGR218,https://cutloosepress.com/products/pineapple-salsa
CLPKHL002,Stained Glass Table Runner,NONE,https://cutloosepress.com/products/stained-glass-table-runner
CLPGRG002,Lightning Flash,CGRKA3,https://cutloosepress.com/products/lightning-flash
CLPGRG002,Lightning Flash,CGR48,https://cutloosepress.com/products/lightning-flash
CLPKMS006,Pool Party,CGR60DIAMINI,https://cutloosepress.com/products/pool-party
CLPRAN001,Tea Towel Apron,NONE,https://cutloosepress.com/products/tea-towel-apron
CLPTQB001,Prairie Point Mesh Tote,NONE,https://cutloosepress.com/products/prairie-point-mesh-tote
CLPDHE001,Cats On the Table,CGRDH1,https://cutloosepress.com/products/cats-on-the-table
CLPKBE003,Mini Bag,CGRJAW2,https://cutloosepress.com/products/mini-bag
CLPKBE003,Mini Bag,CGRBR3,https://cutloosepress.com/products/mini-bag
CLPCLA009,Easy Patriotic Table Topper,CGR9,https://cutloosepress.com/products/easy-patriotic-table-topper
CLPGER002,Tilt A Whirl Runner,CGRJAW4,https://cutloosepress.com/products/tilt-a-whirl-runner
CLPGER002,Tilt A Whirl Runner,CGRT60,https://cutloosepress.com/products/tilt-a-whirl-runner
CLPJAW034,Pina Colada Table Runner,CGRJAW1,https://cutloosepress.com/products/pina-colada-table-runner
CLPCLA035,Just the Necessities Wallet,CGRCC,https://cutloosepress.com/products/just-the-necessities-wallet
CLPRFI023,Mini Plinko,CGRGE3,https://cutloosepress.com/products/mini-plinko
CLPCAM014,Wild and Free,CGRDH4,https://cutloosepress.com/products/wild-and-free
CLPCAM014,Wild and Free,CGRQTA2,https://cutloosepress.com/products/wild-and-free
CLPCHE002,Polaris,CGR120R,https://cutloosepress.com/products/polaris
CLPCHE002,Polaris,CGRT60,https://cutloosepress.com/products/polaris
CLPGER001,Set of 6 Hexie Placemats,CGRT60,https://cutloosepress.com/products/set-of-6-hexie-placemats
CLPQDD002,Cozy Snowmen,NONE,https://cutloosepress.com/products/cozy-snowmen
CLPCGR005,Irish Stars Table Runner,CGR005,https://cutloosepress.com/products/irish-stars-table-runner
CLPCGR005,Irish Stars Table Runner,CGR3754,https://cutloosepress.com/products/irish-stars-table-runner
CLPCGR005,Irish Stars Table Runner,CGR24,https://cutloosepress.com/products/irish-stars-table-runner
CLPEUN009,Bargello Breeze,CGREU2,https://cutloosepress.com/products/bargello-breeze
CLPEUN009,Bargello Breeze,CGR12,https://cutloosepress.com/products/bargello-breeze
CGRJAW060,Stormy Beach Bag,CGRJAW060,https://cutloosepress.com/products/stormy-beach-bag
CGRJAW060,Stormy Beach Bag,CGRJAW7,https://cutloosepress.com/products/stormy-beach-bag
CGRJAW060,Stormy Beach Bag,CGR2P1,https://cutloosepress.com/products/stormy-beach-bag
CLPJAW011,Eat Your Veggies Table Runner,CGRJAW3,https://cutloosepress.com/products/eat-your-veggies-table-runner
CLPCAM020,Cornucopia,CGRDH1XL,https://cutloosepress.com/products/cornucopia
CLPCLA021,Cascading Ribbons,CGR10,https://cutloosepress.com/products/cascading-ribbons
CLPDHE017,Taffy Pinwheels,CGRDH4,https://cutloosepress.com/products/taffy-pinwheels
CLPDHE017,Taffy Pinwheels,CGRJAW3MINI,https://cutloosepress.com/products/taffy-pinwheels
CLPKHL006,Seasonal Runner - Spring,CGR18,https://cutloosepress.com/products/seasonal-runner-spring
CLPLCR007,Poppies!,NONE,https://cutloosepress.com/products/poppies
CLPTAK002,Drunkard's Path Table Runner,CGRATK1,https://cutloosepress.com/products/drunkards-path-table-runner
CLPTAK002,Drunkard's Path Table Runner,CGR812,https://cutloosepress.com/products/drunkards-path-table-runner
CLPISE013,Starshine,CGRISE30,https://cutloosepress.com/products/starshine
CLPISE013,Starshine,CGRSQ6,https://cutloosepress.com/products/starshine
CLPBHE001,Mirage,CGRBH1,https://cutloosepress.com/products/mirage
CLPJAW030,Country Retreat Log Cabin,CGRJAW1,https://cutloosepress.com/products/country-retreat-log-cabin
CLPLRB003,Almost Amish Cat's Cradle,CGRDH1,https://cutloosepress.com/products/almost-amish-cats-cradle
CLPDHE032,"Big Cats, Little Cats",CGRDH1XL,https://cutloosepress.com/products/big-cats-little-cats
CLPCMC001,Blossoms,CGRSAV1,https://cutloosepress.com/products/blossoms
CLPJAW057,Storm At Sea Pillow,CGRJAW8,https://cutloosepress.com/products/storm-at-sea-pillow
CLPJAW057,Storm At Sea Pillow,CGR2P1,https://cutloosepress.com/products/storm-at-sea-pillow
CLPPSQ003,Easy Street Crib Quilt,CGRFCC,https://cutloosepress.com/products/easy-street-crib-quilt
CLPCVB015,Double Dresden,CGRSG1,https://cutloosepress.com/products/double-dresden
CLPCLA006,Fun Four-Patch,CGR24,https://cutloosepress.com/products/fun-four-patch
CLPJAW046,It's A Puzzlement Log Cabin,CGRJAWMN4,https://cutloosepress.com/products/its-a-puzzlement-log-cabin
CLPJAW046,It's A Puzzlement Log Cabin,CGRMT5,https://cutloosepress.com/products/its-a-puzzlement-log-cabin
CLPRFI018,Oh My Stars,CGRDH2,https://cutloosepress.com/products/oh-my-stars
CLPJAW055,Prickly Pineapples,CGRJAW3MINI,https://cutloosepress.com/products/prickly-pineapples
CLPSCH002,Peppermint Twist,CGRT30,https://cutloosepress.com/products/peppermint-twist
CLPSCH002,Peppermint Twist,CGR612,https://cutloosepress.com/products/peppermint-twist
CLPCGR008,Mixing Bowls,CGR008,https://cutloosepress.com/products/mixing-bowls
CLPCGR008,Mixing Bowls,CGRGE1,https://cutloosepress.com/products/mixing-bowls
CLPCLA004,Double Chevron Table Runner,CGR5,https://cutloosepress.com/products/double-chevron-table-runner
CLPCLA004,Double Chevron Table Runner,CGRMT1,https://cutloosepress.com/products/double-chevron-table-runner
CLPCLA016,Ribbon Runner,CGR5,https://cutloosepress.com/products/ribbon-runner
CLPACV001,Log Cabin Placemat,NONE,https://cutloosepress.com/products/log-cabin-placemat
CLPISE018,Butterfly Patch,CGRPERF5,https://cutloosepress.com/products/butterfly-patch
CLPNAM005,Log Cabin Wallflower,CGRJAW1,https://cutloosepress.com/products/log-cabin-wallflower
CLPTQB002,Small Prairie Point Mesh Tote,NONE,https://cutloosepress.com/products/small-prairie-point-mesh-tote
CLPCLA046,Luggage Rider Carry-On Bag,NONE,https://cutloosepress.com/products/luggage-rider-carry-on-bag
CLPISE020,Charm Pack Stones,CGRPERF5,https://cutloosepress.com/products/charm-pack-stones
CLPBGR006,Running Geese Quilt,NONE,https://cutloosepress.com/products/running-geese-quilt
CLPPFA001,10 Minute Hexie Coaster,NONE,https://cutloosepress.com/products/10-minute-hexie-coaster
CLPLDB002,Spitting Seeds,CGRATK1,https://cutloosepress.com/products/spitting-seeds
CLPLDB002,Spitting Seeds,CGRFFQ1,https://cutloosepress.com/products/spitting-seeds
CLPLDB002,Spitting Seeds,CGR212,https://cutloosepress.com/products/spitting-seeds
CLPJAW065,Starry Night Storm At Sea,CGR2P1,https://cutloosepress.com/products/starry-night-storm-at-sea
CLPJAW065,Starry Night Storm At Sea,CGRJAW8,https://cutloosepress.com/products/starry-night-storm-at-sea
CLPJAW010,Pineapple Pizzazz,CGRJAW3,https://cutloosepress.com/products/pineapple-pizzazz
CLPJAW010,Pineapple Pizzazz,CGR218,https://cutloosepress.com/products/pineapple-pizzazz
CLPLDB001,Centennial Stars,CGRDH2,https://cutloosepress.com/products/centennial-stars
CLPCAM006,Bubbles,CGRJAW5,https://cutloosepress.com/products/bubbles
CLPJAW073,Log Cabin Bouquet,CGRJAWMN4,https://cutloosepress.com/products/log-cabin-bouquet
CLPJAW073,Log Cabin Bouquet,CGRDH4,https://cutloosepress.com/products/log-cabin-bouquet
CLPJAW073,Log Cabin Bouquet,CGRJAW1,https://cutloosepress.com/products/log-cabin-bouquet
